id,name,age,email,phoneNum
3,User3,22,user3@example.com,010-1234-5656
5,User5,35,user5@example.com,010-5678-9012
6,User6,27,user6@example.com,010-6789-0123
7,User7,32,user7@example.com,010-7890-1234
8,User8,29,user8@example.com,010-8901-2345
9,User9,31,user9@example.com,010-9012-3456
10,User10,24,user10@example.com,010-0123-4567
11,User11,26,user11@example.com,010-1234-5678
12,User12,33,user12@example.com,010-2345-6789
13,User13,36,user13@example.com,010-3456-7890
14,User14,23,user14@example.com,010-4567-8901
15,User15,34,user15@example.com,010-5678-9012
16,User16,21,user16@example.com,010-6789-0123
17,User17,37,user17@example.com,010-7890-1234
18,User18,29,user18@example.com,010-8901-2345
19,User19,38,user19@example.com,010-9012-3456
21,User21,24,user21@example.com,010-1234-5678
22,User22,30,user22@example.com,010-2345-6789
23,User23,22,user23@example.com,010-3456-7890
24,User24,28,user24@example.com,010-4567-8901
25,User25,35,user25@example.com,010-5678-9012
26,User26,27,user26@example.com,010-6789-0123
27,User27,32,user27@example.com,010-7890-1234
28,User28,29,user28@example.com,010-8901-2345
29,User29,31,user29@example.com,010-9012-3456
30,User30,24,user30@example.com,010-0123-4567
31,User31,26,user31@example.com,010-1234-5678
32,User32,33,user32@example.com,010-2345-6789
33,User33,36,user33@example.com,010-3456-7890
34,User34,23,user34@example.com,010-4567-8901
35,User35,34,user35@example.com,010-5678-9012
36,User36,21,user36@example.com,010-6789-0123
